{"cameraMode":{"drawMode":7,"name":"Mipmaps","section":"Miscellaneous"},"sceneLighting":false,"audioPlay":false,"sceneViewState":{"showFog":true,"showMaterialUpdate":false,"showSkybox":false,"showFlares":true,"showImageEffects":true,"showParticleSystems":true},"in2DMode":false,"pivot":{"x":9.019552230834961,"y":1.5201163291931153,"z":-0.6632518768310547},"rotation":{"x":-0.03616918995976448,"y":-0.9602807760238648,"z":0.14896368980407716,"w":-0.23316983878612519},"size":8.995226860046387,"orthographic":false}